p2ServePointsWon,p2ReturnPointsWon,player2,outlier,odds,winner,date,tournament,t_round,id,cluster
63.0,45.0,Viktor Troicki,false,$2.634,Viktor Troicki,Jan 9 2012,Sydney ATP,Round of 32,76.0,cluster_4
67.0,47.0,Novak Djokovic,false,$21.300,Novak Djokovic,Jan 16 2012,Australian Open Slam,Round of 16,72.0,cluster_4
65.0,35.0,Milos Raonic,false,$3.355,Lleyton Hewitt,Jan 16 2012,Australian Open Slam,Round of 32,73.0,cluster_2
63.0,31.0,Andy Roddick,false,$4.350,Lleyton Hewitt,Jan 16 2012,Australian Open Slam,Round of 64,74.0,cluster_0
60.0,36.0,Cedrik-Marcel Stebe,false,$1.395,Lleyton Hewitt,Jan 16 2012,Australian Open Slam,Round of 128,75.0,cluster_0
64.0,43.0,Blaz Kavcic,false,$2.350,Blaz Kavcic,May 27 2012,Roland Garros,R128,71.0,cluster_4
83.0,43.0,Ivo Karlovic,false,$1.752,Ivo Karlovic,Jun 11 2012,London / Queen's Club,R64,70.0,cluster_2
75.0,41.0,Jo-Wilfried Tsonga,false,$7.780,Jo-Wilfried Tsonga,Jun 25 2012,Wimbledon Slam,Round of 128,69.0,cluster_2
73.0,36.0,John Isner,false,$2.929,John Isner,Jul 9 2012,Newport,F,64.0,cluster_2
53.0,35.0,Rajeev Ram,false,$1.459,Lleyton Hewitt,Jul 9 2012,Newport,S,65.0,cluster_3
50.0,37.0,Dudi Sela,false,$1.441,Lleyton Hewitt,Jul 9 2012,Newport,Q,66.0,cluster_3
52.0,39.0,Tim Smyczek,false,$1.338,Lleyton Hewitt,Jul 9 2012,Newport,R16,67.0,cluster_3
31.0,31.0,Vasek Pospisil,false,$1.495,Lleyton Hewitt,Jul 9 2012,Newport,R32,68.0,cluster_1
68.0,37.0,Novak Djokovic,false,$12.673,Novak Djokovic,Jul 30 2012,Olympics ATP,Round of 16,62.0,cluster_2
61.0,22.0,Sergiy Stakhovsky,false,$1.346,Lleyton Hewitt,Jul 30 2012,Olympics ATP,Round of 64,63.0,cluster_0
67.0,58.0,Viktor Troicki,false,$1.634,Viktor Troicki,Aug 13 2012,ATP World Tour Masters 1000 Cincinnati,R32,60.0,cluster_4
59.0,31.0,Mikhail Youzhny,false,$2.756,Lleyton Hewitt,Aug 13 2012,ATP World Tour Masters 1000 Cincinnati,R64,61.0,cluster_0
71.0,43.0,David Ferrer,false,$10.643,David Ferrer,Aug 27 2012,US Open Slam,Round of 32,57.0,cluster_2
69.0,34.0,Gilles Muller,false,$1.655,Lleyton Hewitt,Aug 27 2012,US Open Slam,Round of 64,58.0,cluster_2
52.0,40.0,Tobias Kamke,false,$1.316,Lleyton Hewitt,Aug 27 2012,US Open Slam,Round of 128,59.0,cluster_3
80.0,40.0,Radek Stepanek,false,$2.421,Radek Stepanek,Oct 7 2012,ATP World Tour Masters 1000 Shanghai,R64,56.0,cluster_2
66.0,50.0,Nicolas Almagro,false,$3.233,Nicolas Almagro,Oct 15 2012,Stockholm,Q,53.0,cluster_4
54.0,45.0,Jarkko Nieminen,false,$2.411,Lleyton Hewitt,Oct 15 2012,Stockholm,R16,54.0,cluster_3
61.0,34.0,Kevin Anderson,false,$3.294,Lleyton Hewitt,Oct 15 2012,Stockholm,R32,55.0,cluster_0
63.0,48.0,Ivan Dodig,false,$2.096,Ivan Dodig,Oct 21 2012,Valencia,R16,51.0,cluster_4
48.0,41.0,Juan Monaco,false,$3.659,Lleyton Hewitt,Oct 21 2012,Valencia,R32,52.0,cluster_3
69.0,41.0,Denis Istomin,false,$1.958,Denis Istomin,Dec 31 2012,Brisbane,R16,49.0,cluster_2
56.0,27.0,Igor Kunitsyn,false,$1.278,Lleyton Hewitt,Dec 31 2012,Brisbane,R32,50.0,cluster_0
66.0,45.0,Janko Tipsarevic,false,$2.289,Janko Tipsarevic,Jan 14 2013,Australian Open Slam,Round of 128,48.0,cluster_4
66.0,31.0,Sam Querrey,false,$3.282,Sam Querrey,Feb 11 2013,San Jose,R16,46.0,cluster_0
64.0,39.0,Blaz Kavcic,false,$1.483,Lleyton Hewitt,Feb 11 2013,San Jose,R32,47.0,cluster_2
67.0,55.0,Denis Istomin,false,$2.380,Denis Istomin,Feb 18 2013,Memphis,R16,44.0,cluster_4
55.0,41.0,Yen-Hsun Lu,false,$1.584,Lleyton Hewitt,Feb 18 2013,Memphis,R32,45.0,cluster_3
72.0,41.0,Stan Wawrinka,false,$3.984,Stan Wawrinka,Mar 6 2013,ATP World Tour Masters 1000 Indian Wells,R32,41.0,cluster_2
66.0,30.0,John Isner,false,$2.933,Lleyton Hewitt,Mar 6 2013,ATP World Tour Masters 1000 Indian Wells,R64,42.0,cluster_0
55.0,37.0,Lukas Rosol,false,$1.551,Lleyton Hewitt,Mar 6 2013,ATP World Tour Masters 1000 Indian Wells,R128,43.0,cluster_3
64.0,51.0,Gilles Simon,false,$2.709,Gilles Simon,Mar 18 2013,ATP World Tour Masters 1000 Miami,R64,39.0,cluster_4
46.0,42.0,Joao Sousa,false,$1.197,Lleyton Hewitt,Mar 18 2013,ATP World Tour Masters 1000 Miami,R128,40.0,cluster_3
65.0,40.0,Martin Alund,false,$1.604,Martin Alund,Apr 8 2013,Houston,R32,38.0,cluster_2
57.0,50.0,Pablo Andujar,false,$3.706,Pablo Andujar,May 19 2013,Nice,R32,37.0,cluster_4
57.0,50.0,Gilles Simon,false,$6.612,Gilles Simon,May 27 2013,French Open Slam,Round of 128,36.0,cluster_4
63.0,44.0,Marin Cilic,false,$2.308,Marin Cilic,Jun 10 2013,London / Queen's Club,S,31.0,cluster_4
59.0,37.0,Juan Martin Del Potro,false,$3.141,Lleyton Hewitt,Jun 10 2013,London / Queen's Club,Q,32.0,cluster_0
64.0,31.0,Sam Querrey,false,$1.884,Lleyton Hewitt,Jun 10 2013,London / Queen's Club,R16,33.0,cluster_0
58.0,26.0,Grigor Dimitrov,false,$2.912,Lleyton Hewitt,Jun 10 2013,London / Queen's Club,R32,34.0,cluster_0
56.0,37.0,Michael Russell,false,$1.133,Lleyton Hewitt,Jun 10 2013,London / Queen's Club,R64,35.0,cluster_3
66.0,38.0,Dustin Brown,false,$1.122,Dustin Brown,Jun 24 2013,Wimbledon Slam,Round of 64,29.0,cluster_2
58.0,36.0,Stan Wawrinka,false,$2.380,Lleyton Hewitt,Jun 24 2013,Wimbledon Slam,Round of 128,30.0,cluster_0
64.0,42.0,Nicolas Mahut,false,$2.014,Nicolas Mahut,Jul 8 2013,Newport,F,24.0,cluster_4
56.0,32.0,John Isner,false,$2.188,Lleyton Hewitt,Jul 8 2013,Newport,S,25.0,cluster_0
57.0,29.0,Jan Hernych,false,$1.172,Lleyton Hewitt,Jul 8 2013,Newport,Q,26.0,cluster_0
41.0,38.0,Prakash Amritraj,false,$1.103,Lleyton Hewitt,Jul 8 2013,Newport,R16,27.0,cluster_1
48.0,35.0,Matthew Ebden,false,$1.314,Lleyton Hewitt,Jul 8 2013,Newport,R32,28.0,cluster_3
70.0,32.0,John Isner,false,$2.144,John Isner,Jul 22 2013,Atlanta,S,20.0,cluster_2
57.0,34.0,Ivan Dodig,false,$2.347,Lleyton Hewitt,Jul 22 2013,Atlanta,Q,21.0,cluster_0
64.0,28.0,Rhyne Williams,false,$1.314,Lleyton Hewitt,Jul 22 2013,Atlanta,R16,22.0,cluster_0
63.0,29.0,Edouard Roger-Vasselin,false,$1.421,Lleyton Hewitt,Jul 22 2013,Atlanta,R32,23.0,cluster_0
68.0,37.0,Ryan Harrison,false,$1.610,Ryan Harrison,Jul 29 2013,Washington,R64,19.0,cluster_2
58.0,42.0,Mikhail Youzhny,false,$2.567,Mikhail Youzhny,Aug 26 2013,US Open Slam,Round of 16,15.0,cluster_3
63.0,31.0,Evgeny Donskoy,false,$1.306,Lleyton Hewitt,Aug 26 2013,US Open Slam,Round of 32,16.0,cluster_0
59.0,37.0,Juan Martin del Potro,false,$8.377,Lleyton Hewitt,Aug 26 2013,US Open Slam,Round of 64,17.0,cluster_0
49.0,43.0,Brian Baker,false,$1.370,Lleyton Hewitt,Aug 26 2013,US Open Slam,Round of 128,18.0,cluster_3
49.0,29.0,Lukasz Kubot,false,$1.400,Lleyton Hewitt,Sep 13 2013,Davis Cup,Singles,14.0,cluster_0
60.0,61.0,Fabio Fognini,false,$1.493,Fabio Fognini,Sep 30 2013,Beijing,R16,12.0,cluster_4
54.0,41.0,Tommy Haas,false,$2.579,Lleyton Hewitt,Sep 30 2013,Beijing,R32,13.0,cluster_3
72.0,47.0,Andreas Seppi,false,$1.636,Andreas Seppi,Oct 6 2013,ATP World Tour Masters 1000 Shanghai,R64,11.0,cluster_4
72.0,32.0,Vasek Pospisil,false,$1.940,Vasek Pospisil,Oct 14 2013,Vienna,R32,10.0,cluster_2
60.0,34.0,Roger Federer,false,$6.053,Lleyton Hewitt,Dec 30 2013,Brisbane,F,5.0,cluster_0
63.0,31.0,Kei Nishikori,false,$2.437,Lleyton Hewitt,Dec 30 2013,Brisbane,S,6.0,cluster_0
52.0,25.0,Marius Copil,false,$1.325,Lleyton Hewitt,Dec 30 2013,Brisbane,Q,7.0,cluster_0
61.0,33.0,Feliciano Lopez,false,$1.550,Lleyton Hewitt,Dec 30 2013,Brisbane,R16,8.0,cluster_0
57.0,30.0,Thanasi Kokkinakis,false,$1.368,Lleyton Hewitt,Dec 30 2013,Brisbane,R32,9.0,cluster_0
64.0,36.0,Andreas Seppi,false,$1.283,Andreas Seppi,Jan 13 2014,Australian Open Slam,Round of 128,4.0,cluster_2
55.0,46.0,Michael Russell,false,$1.252,Michael Russell,Feb 10 2014,Memphis,Q,2.0,cluster_3
50.0,39.0,Marcos Baghdatis,false,$1.568,Lleyton Hewitt,Feb 10 2014,Memphis,R16,3.0,cluster_3
46.0,36.0,Bradley Klahn,false,$1.733,Lleyton Hewitt,Feb 17 2014,Delray Beach,R32,1.0,cluster_3
